Target,PacketSize,Mode,IntervalMs,SentOriginal,SentTotal,Received,Retransmitted,ReceivedAfterRetry,Corrupted,PacketLoss
1.1.1.1,512,1,200,50,50,50,0,0,0,
1.1.1.1,512,1,199,50,50,50,0,0,0,
1.1.1.1,512,1,198,50,50,50,0,0,0,
1.1.1.1,512,1,197,50,50,50,0,0,0,
1.1.1.1,512,1,196,50,50,50,0,0,0,
1.1.1.1,512,1,195,50,50,50,0,0,0,
1.1.1.1,512,1,194,50,50,50,0,0,0,
1.1.1.1,512,1,193,50,50,50,0,0,0,
1.1.1.1,512,1,192,50,50,50,0,0,0,
1.1.1.1,512,1,191,50,50,50,0,0,0,
1.1.1.1,512,1,190,50,50,50,0,0,0,
1.1.1.1,512,1,189,50,50,50,0,0,0,
1.1.1.1,512,1,188,50,50,50,0,0,0,
1.1.1.1,512,1,187,50,50,50,0,0,0,
1.1.1.1,512,1,186,50,50,50,0,0,0,
1.1.1.1,512,1,185,50,50,50,0,0,0,
1.1.1.1,512,1,184,50,50,50,0,0,0,
1.1.1.1,512,1,183,50,50,50,0,0,0,
1.1.1.1,512,1,182,50,50,50,0,0,0,
1.1.1.1,512,1,181,50,50,50,0,0,0,
1.1.1.1,512,1,180,50,50,50,0,0,0,
1.1.1.1,512,1,179,50,50,50,0,0,0,
1.1.1.1,512,1,178,50,50,50,0,0,0,
1.1.1.1,512,1,177,50,50,50,0,0,0,
1.1.1.1,512,1,176,50,50,50,0,0,0,
1.1.1.1,512,1,175,50,50,50,0,0,0,
1.1.1.1,512,1,174,50,50,50,0,0,0,
1.1.1.1,512,1,173,50,50,50,0,0,0,
1.1.1.1,512,1,172,50,50,50,0,0,0,
1.1.1.1,512,1,171,50,50,50,0,0,0,
1.1.1.1,512,1,170,50,50,50,0,0,0,
1.1.1.1,512,1,169,50,50,50,0,0,0,
1.1.1.1,512,1,168,50,50,50,0,0,0,
1.1.1.1,512,1,167,50,50,50,0,0,0,
1.1.1.1,512,1,166,50,50,50,0,0,0,
1.1.1.1,512,1,165,50,50,50,0,0,0,
1.1.1.1,512,1,164,50,50,50,0,0,0,
1.1.1.1,512,1,163,50,50,50,0,0,0,
1.1.1.1,512,1,162,50,50,50,0,0,0,
1.1.1.1,512,1,161,50,51,50,1,1,0,
1.1.1.1,512,1,160,50,50,50,0,0,0,
1.1.1.1,512,1,159,50,50,50,0,0,0,
1.1.1.1,512,1,158,50,50,50,0,0,0,
1.1.1.1,512,1,157,50,50,50,0,0,0,
1.1.1.1,512,1,156,50,50,50,0,0,0,
1.1.1.1,512,1,155,50,50,50,0,0,0,
1.1.1.1,512,1,154,50,50,50,0,0,0,
1.1.1.1,512,1,153,50,50,50,0,0,0,
1.1.1.1,512,1,152,50,50,50,0,0,0,
1.1.1.1,512,1,151,50,50,50,0,0,0,
1.1.1.1,512,1,150,50,50,50,0,0,0,
1.1.1.1,512,1,149,50,50,50,0,0,0,
1.1.1.1,512,1,148,50,50,50,0,0,0,
1.1.1.1,512,1,147,50,51,50,1,1,0,
1.1.1.1,512,1,146,50,50,50,0,0,0,
1.1.1.1,512,1,145,50,50,50,0,0,0,
1.1.1.1,512,1,144,50,50,50,0,0,0,
1.1.1.1,512,1,143,50,50,50,0,0,0,
1.1.1.1,512,1,142,50,50,50,0,0,0,
1.1.1.1,512,1,141,50,50,50,0,0,0,
1.1.1.1,512,1,140,50,50,50,0,0,0,
1.1.1.1,512,1,139,50,50,50,0,0,0,
1.1.1.1,512,1,138,50,50,50,0,0,0,
1.1.1.1,512,1,137,50,51,50,1,1,0,
1.1.1.1,512,1,136,50,50,50,0,0,0,
1.1.1.1,512,1,135,50,50,50,0,0,0,
1.1.1.1,512,1,134,50,50,50,0,0,0,
1.1.1.1,512,1,133,50,50,50,0,0,0,
1.1.1.1,512,1,132,50,50,50,0,0,0,
1.1.1.1,512,1,131,50,50,50,0,0,0,
1.1.1.1,512,1,130,50,50,50,0,0,0,
1.1.1.1,512,1,129,50,50,50,0,0,0,
1.1.1.1,512,1,128,50,50,50,0,0,0,
1.1.1.1,512,1,127,50,50,50,0,0,0,
1.1.1.1,512,1,126,50,50,50,0,0,0,
1.1.1.1,512,1,125,50,50,50,0,0,0,
1.1.1.1,512,1,124,50,50,50,0,0,0,
1.1.1.1,512,1,123,50,50,50,0,0,0,
1.1.1.1,512,1,122,50,50,50,0,0,0,
1.1.1.1,512,1,121,50,50,50,0,0,0,
1.1.1.1,512,1,120,50,50,50,0,0,0,
1.1.1.1,512,1,119,50,50,50,0,0,0,
1.1.1.1,512,1,118,50,50,50,0,0,0,
1.1.1.1,512,1,117,50,50,50,0,0,0,
1.1.1.1,512,1,116,50,50,50,0,0,0,
1.1.1.1,512,1,115,50,50,50,0,0,0,
1.1.1.1,512,1,114,50,50,50,0,0,0,
1.1.1.1,512,1,113,50,50,50,0,0,0,
1.1.1.1,512,1,112,50,50,50,0,0,0,
1.1.1.1,512,1,111,50,50,50,0,0,0,
1.1.1.1,512,1,110,50,50,50,0,0,0,
1.1.1.1,512,1,109,50,50,50,0,0,0,
1.1.1.1,512,1,108,50,50,50,0,0,0,
1.1.1.1,512,1,107,50,50,50,0,0,0,
1.1.1.1,512,1,106,50,50,50,0,0,0,
1.1.1.1,512,1,105,50,50,50,0,0,0,
1.1.1.1,512,1,104,50,50,50,0,0,0,
1.1.1.1,512,1,103,50,50,50,0,0,0,
1.1.1.1,512,1,102,50,50,50,0,0,0,
1.1.1.1,512,1,101,50,50,50,0,0,0,
1.1.1.1,512,1,100,50,50,50,0,0,0,
1.1.1.1,512,1,99,50,50,50,0,0,0,
1.1.1.1,512,1,98,50,50,50,0,0,0,
1.1.1.1,512,1,97,50,50,50,0,0,0,
1.1.1.1,512,1,96,50,50,50,0,0,0,
1.1.1.1,512,1,95,50,50,50,0,0,0,
1.1.1.1,512,1,94,50,50,50,0,0,0,
1.1.1.1,512,1,93,50,50,50,0,0,0,
1.1.1.1,512,1,92,50,50,50,0,0,0,
1.1.1.1,512,1,91,50,50,50,0,0,0,
1.1.1.1,512,1,90,50,50,50,0,0,0,
1.1.1.1,512,1,89,50,50,50,0,0,0,
1.1.1.1,512,1,88,50,50,50,0,0,0,
1.1.1.1,512,1,87,50,50,50,0,0,0,
1.1.1.1,512,1,86,50,50,50,0,0,0,
1.1.1.1,512,1,85,50,50,50,0,0,0,
1.1.1.1,512,1,84,50,50,50,0,0,0,
1.1.1.1,512,1,83,50,50,50,0,0,0,
1.1.1.1,512,1,82,50,50,50,0,0,0,
1.1.1.1,512,1,81,50,50,50,0,0,0,
1.1.1.1,512,1,80,50,50,50,0,0,0,
1.1.1.1,512,1,79,50,50,50,0,0,0,
1.1.1.1,512,1,78,50,50,50,0,0,0,
1.1.1.1,512,1,77,50,50,50,0,0,0,
1.1.1.1,512,1,76,50,50,50,0,0,0,
1.1.1.1,512,1,75,50,50,50,0,0,0,
1.1.1.1,512,1,74,50,50,50,0,0,0,
1.1.1.1,512,1,73,50,50,50,0,0,0,
1.1.1.1,512,1,72,50,50,50,0,0,0,
1.1.1.1,512,1,71,50,50,50,0,0,0,
1.1.1.1,512,1,70,50,50,50,0,0,0,
1.1.1.1,512,1,69,50,50,50,0,0,0,
1.1.1.1,512,1,68,50,50,50,0,0,0,
1.1.1.1,512,1,67,50,50,50,0,0,0,
1.1.1.1,512,1,66,50,50,50,0,0,0,
1.1.1.1,512,1,65,50,50,50,0,0,0,
1.1.1.1,512,1,64,50,50,50,0,0,0,
1.1.1.1,512,1,63,50,50,50,0,0,0,
1.1.1.1,512,1,62,50,50,50,0,0,0,
1.1.1.1,512,1,61,50,50,50,0,0,0,
1.1.1.1,512,1,60,50,50,50,0,0,0,
1.1.1.1,512,1,59,50,50,50,0,0,0,
1.1.1.1,512,1,58,50,50,50,0,0,0,
1.1.1.1,512,1,57,50,50,50,0,0,0,
1.1.1.1,512,1,56,50,50,50,0,0,0,
1.1.1.1,512,1,55,50,50,50,0,0,0,
1.1.1.1,512,1,54,50,50,50,0,0,0,
1.1.1.1,512,1,53,50,50,50,0,0,0,
1.1.1.1,512,1,52,50,50,50,0,0,0,
1.1.1.1,512,1,51,50,50,50,0,0,0,
1.1.1.1,512,1,50,50,50,50,0,0,0,
1.1.1.1,512,1,49,50,50,50,0,0,0,
1.1.1.1,512,1,48,50,50,50,0,0,0,
1.1.1.1,512,1,47,50,50,50,0,0,0,
1.1.1.1,512,1,46,50,50,50,0,0,0,
1.1.1.1,512,1,45,50,50,50,0,0,0,
1.1.1.1,512,1,44,50,50,50,0,0,0,
1.1.1.1,512,1,43,50,50,50,0,0,0,
1.1.1.1,512,1,42,50,50,50,0,0,0,
1.1.1.1,512,1,41,50,50,50,0,0,0,
1.1.1.1,512,1,40,50,50,50,0,0,0,
1.1.1.1,512,1,39,50,50,50,0,0,0,
1.1.1.1,512,1,38,50,50,50,0,0,0,
1.1.1.1,512,1,37,50,50,50,0,0,0,
1.1.1.1,512,1,36,50,50,50,0,0,0,
1.1.1.1,512,1,35,50,50,50,0,0,0,
1.1.1.1,512,1,34,50,50,50,0,0,0,
1.1.1.1,512,1,33,50,50,50,0,0,0,
1.1.1.1,512,1,32,50,50,50,0,0,0,
1.1.1.1,512,1,31,50,50,50,0,0,0,
1.1.1.1,512,1,30,50,50,50,0,0,0,
1.1.1.1,512,1,29,50,51,50,1,1,0,
1.1.1.1,512,1,28,50,50,50,0,0,0,
1.1.1.1,512,1,27,50,50,50,0,0,0,
1.1.1.1,512,1,26,50,50,50,0,0,0,
1.1.1.1,512,1,25,50,50,50,0,0,0,
1.1.1.1,512,1,24,50,50,50,0,0,0,
1.1.1.1,512,1,23,50,50,50,0,0,0,
1.1.1.1,512,1,22,50,50,50,0,0,0,
1.1.1.1,512,1,21,50,50,50,0,0,0,
1.1.1.1,512,1,20,50,50,50,0,0,0,
1.1.1.1,512,1,19,50,50,50,0,0,0,
1.1.1.1,512,1,18,50,50,50,0,0,0,
1.1.1.1,512,1,17,50,50,50,0,0,0,
1.1.1.1,512,1,16,50,50,50,0,0,0,
1.1.1.1,512,1,15,50,50,50,0,0,0,
1.1.1.1,512,1,14,50,50,50,0,0,0,
1.1.1.1,512,1,13,50,50,50,0,0,0,
1.1.1.1,512,1,12,50,50,50,0,0,0,
1.1.1.1,512,1,11,50,50,50,0,0,0,
1.1.1.1,512,1,10,50,50,50,0,0,0,
1.1.1.1,512,1,9,50,50,50,0,0,0,
1.1.1.1,512,1,8,50,50,50,0,0,0,
1.1.1.1,512,1,7,50,50,50,0,0,0,
1.1.1.1,512,1,6,50,50,50,0,0,0,
1.1.1.1,512,1,5,50,50,50,0,0,0,
1.1.1.1,512,1,4,50,50,50,0,0,0,
1.1.1.1,512,1,3,50,50,50,0,0,0,
1.1.1.1,512,1,2,50,50,50,0,0,0,
1.1.1.1,512,1,1,50,50,50,0,0,0,
1.1.1.1,512,1,0,50,50,50,0,0,0,
